{"cameraMode":{"drawMode":0,"name":"Shaded","section":"Shading Mode"},"sceneLighting":false,"audioPlay":false,"sceneViewState":{"showFog":true,"showMaterialUpdate":false,"showSkybox":true,"showFlares":true,"showImageEffects":true,"showParticleSystems":true},"in2DMode":false,"pivot":{"x":-4.93344259262085,"y":-4.445748329162598,"z":3.214948892593384},"rotation":{"x":-0.3047594428062439,"y":-0.5581576228141785,"z":0.23100826144218446,"w":-0.736353874206543},"size":18.01228141784668,"orthographic":false}