{"cameraMode":{"drawMode":0,"name":"Shaded","section":"Shading Mode"},"sceneLighting":false,"audioPlay":false,"sceneViewState":{"showFog":true,"showMaterialUpdate":false,"showSkybox":true,"showFlares":true,"showImageEffects":true,"showParticleSystems":true},"in2DMode":false,"pivot":{"x":-6.35576868057251,"y":-6.224940776824951,"z":3.1895880699157717},"rotation":{"x":0.39288321137428286,"y":-0.229201078414917,"z":0.10178133845329285,"w":0.8847317099571228},"size":24.51630401611328,"orthographic":false}