{"cameraMode":{"drawMode":0,"name":"Shaded","section":"Shading Mode"},"sceneLighting":false,"audioPlay":false,"sceneViewState":{"showFog":true,"showMaterialUpdate":false,"showSkybox":false,"showFlares":true,"showImageEffects":true,"showParticleSystems":true},"in2DMode":false,"pivot":{"x":-11.479999542236329,"y":0.4615197479724884,"z":2.3399999141693117},"rotation":{"x":-0.3047594130039215,"y":-0.5581576228141785,"z":0.23100826144218446,"w":-0.736353874206543},"size":2.786499261856079,"orthographic":false}