{"cameraMode":{"drawMode":0,"name":"Shaded","section":"Shading Mode"},"sceneLighting":false,"audioPlay":false,"sceneViewState":{"showFog":true,"showMaterialUpdate":false,"showSkybox":false,"showFlares":true,"showImageEffects":true,"showParticleSystems":true},"in2DMode":false,"pivot":{"x":-5.566400051116943,"y":1.787600040435791,"z":1.4299999475479127},"rotation":{"x":0.21605779230594636,"y":0.25714436173439028,"z":-0.0591009259223938,"w":0.9400547742843628},"size":2.821598768234253,"orthographic":false}